Fecha,Producto,Region,Ventas,Precio
2024-01-01,Producto C,Sur,60,38
2024-01-02,Producto A,Sur,412,37
2024-01-03,Producto C,Este,286,20
2024-01-04,Producto C,Sur,14,97
2024-01-05,Producto A,Oeste,475,66
2024-01-06,Producto A,Norte,101,85
2024-01-07,Producto C,Oeste,179,57
2024-01-08,Producto B,Norte,326,70
2024-01-09,Producto C,Norte,31,82
2024-01-10,Producto C,Oeste,414,23
2024-01-11,Producto C,Oeste,335,20
2024-01-12,Producto C,Oeste,10,27
2024-01-13,Producto A,Oeste,142,48
2024-01-14,Producto C,Este,242,74
2024-01-15,Producto B,Sur,21,22
2024-01-16,Producto A,Norte,355,51
2024-01-17,Producto B,Oeste,55,29
2024-01-18,Producto B,Oeste,43,93
2024-01-19,Producto B,Oeste,442,53
2024-01-20,Producto B,Este,87,74
2024-01-21,Producto A,Oeste,227,51
2024-01-22,Producto A,Oeste,310,69
2024-01-23,Producto B,Oeste,420,26
2024-01-24,Producto B,Sur,82,27
2024-01-25,Producto A,Este,291,84
2024-01-26,Producto A,Oeste,258,76
2024-01-27,Producto A,Norte,56,86
2024-01-28,Producto C,Norte,130,78
2024-01-29,Producto C,Norte,223,91
2024-01-30,Producto C,Este,248,73
2024-01-31,Producto B,Este,65,86
2024-02-01,Producto C,Norte,359,70
2024-02-02,Producto B,Oeste,116,27
2024-02-03,Producto B,Este,328,53
2024-02-04,Producto C,Norte,57,54
2024-02-05,Producto B,Norte,70,97
2024-02-06,Producto C,Oeste,346,51
2024-02-07,Producto C,Sur,35,65
2024-02-08,Producto A,Este,301,35
2024-02-09,Producto C,Oeste,266,87
2024-02-10,Producto A,Norte,17,56
2024-02-11,Producto C,Norte,122,73
2024-02-12,Producto C,Oeste,364,33
2024-02-13,Producto A,Este,262,74
2024-02-14,Producto A,Sur,189,67
2024-02-15,Producto C,Sur,216,26
2024-02-16,Producto B,Norte,312,93
2024-02-17,Producto A,Este,136,26
2024-02-18,Producto B,Sur,65,52
2024-02-19,Producto B,Este,223,42
2024-02-20,Producto B,Este,23,38
2024-02-21,Producto A,Norte,483,38
2024-02-22,Producto B,Sur,37,55
2024-02-23,Producto A,Oeste,480,48
2024-02-24,Producto B,Norte,87,79
2024-02-25,Producto C,Sur,225,21
2024-02-26,Producto C,Sur,395,20
2024-02-27,Producto A,Sur,374,66
2024-02-28,Producto C,Sur,163,88
2024-02-29,Producto C,Sur,23,39
2024-03-01,Producto B,Este,196,30
2024-03-02,Producto A,Norte,321,21
2024-03-03,Producto B,Este,380,86
2024-03-04,Producto B,Oeste,16,31
2024-03-05,Producto B,Sur,12,39
2024-03-06,Producto B,Norte,120,24
2024-03-07,Producto B,Sur,416,56
2024-03-08,Producto B,Norte,247,57
2024-03-09,Producto B,Este,372,28
2024-03-10,Producto A,Norte,248,72
2024-03-11,Producto C,Oeste,283,63
2024-03-12,Producto B,Oeste,303,43
2024-03-13,Producto B,Norte,236,93
2024-03-14,Producto B,Norte,380,49
2024-03-15,Producto B,Norte,24,78
2024-03-16,Producto B,Norte,201,33
2024-03-17,Producto B,Oeste,482,28
2024-03-18,Producto C,Sur,128,59
2024-03-19,Producto C,Norte,494,85
2024-03-20,Producto B,Norte,37,44
2024-03-21,Producto C,Oeste,211,92
2024-03-22,Producto A,Oeste,48,41
2024-03-23,Producto B,Este,450,23
2024-03-24,Producto A,Norte,282,45
2024-03-25,Producto A,Este,240,77
2024-03-26,Producto B,Oeste,95,48
2024-03-27,Producto C,Oeste,483,56
2024-03-28,Producto A,Sur,135,94
2024-03-29,Producto B,Norte,309,89
2024-03-30,Producto A,Este,34,37
2024-03-31,Producto A,Oeste,154,61
2024-04-01,Producto A,Oeste,22,60
2024-04-02,Producto A,Este,221,57
2024-04-03,Producto C,Sur,34,53
2024-04-04,Producto A,Oeste,77,36
2024-04-05,Producto A,Norte,403,56
2024-04-06,Producto A,Oeste,76,44
2024-04-07,Producto C,Norte,242,95
2024-04-08,Producto A,Este,118,46
2024-04-09,Producto A,Norte,155,76
2024-04-10,Producto C,Este,120,50
2024-04-11,Producto C,Norte,237,25
2024-04-12,Producto C,Este,120,59
2024-04-13,Producto A,Norte,479,31
2024-04-14,Producto C,Sur,43,72
2024-04-15,Producto C,Norte,120,90
2024-04-16,Producto A,Norte,273,29
2024-04-17,Producto C,Sur,433,64
2024-04-18,Producto A,Oeste,378,36
2024-04-19,Producto B,Oeste,245,45
2024-04-20,Producto C,Norte,92,81
2024-04-21,Producto B,Sur,51,65
2024-04-22,Producto A,Norte,434,83
2024-04-23,Producto C,Este,110,21
2024-04-24,Producto A,Este,15,73
2024-04-25,Producto B,Norte,189,84
2024-04-26,Producto A,Oeste,291,70
2024-04-27,Producto C,Oeste,329,72
2024-04-28,Producto C,Norte,235,55
2024-04-29,Producto B,Norte,452,45
2024-04-30,Producto A,Este,449,48
2024-05-01,Producto C,Oeste,324,40
2024-05-02,Producto B,Norte,374,30
2024-05-03,Producto C,Este,463,59
2024-05-04,Producto C,Oeste,238,30
2024-05-05,Producto A,Sur,386,55
2024-05-06,Producto C,Este,298,78
2024-05-07,Producto A,Oeste,446,58
2024-05-08,Producto C,Oeste,159,73
2024-05-09,Producto B,Este,286,74
2024-05-10,Producto C,Sur,207,43
2024-05-11,Producto A,Este,79,41
2024-05-12,Producto A,Oeste,121,88
2024-05-13,Producto B,Norte,13,75
2024-05-14,Producto C,Norte,359,52
2024-05-15,Producto C,Este,340,55
2024-05-16,Producto B,Oeste,455,39
2024-05-17,Producto C,Norte,327,81
2024-05-18,Producto C,Oeste,359,92
2024-05-19,Producto A,Este,104,45
2024-05-20,Producto C,Norte,161,85
2024-05-21,Producto C,Oeste,320,92
2024-05-22,Producto B,Norte,146,92
2024-05-23,Producto B,Este,256,59
2024-05-24,Producto A,Oeste,396,36
2024-05-25,Producto C,Norte,252,20
2024-05-26,Producto C,Este,40,80
2024-05-27,Producto C,Norte,49,62
2024-05-28,Producto A,Norte,238,61
2024-05-29,Producto A,Sur,45,44
2024-05-30,Producto B,Sur,417,58
2024-05-31,Producto A,Este,232,54
2024-06-01,Producto C,Sur,15,22
2024-06-02,Producto C,Este,331,63
2024-06-03,Producto A,Sur,477,70
2024-06-04,Producto C,Norte,229,31
2024-06-05,Producto C,Este,84,38
2024-06-06,Producto A,Este,13,63
2024-06-07,Producto A,Norte,344,78
2024-06-08,Producto C,Este,143,68
2024-06-09,Producto C,Este,127,80
2024-06-10,Producto C,Sur,378,36
2024-06-11,Producto B,Este,103,93
2024-06-12,Producto B,Oeste,495,76
2024-06-13,Producto B,Norte,444,74
2024-06-14,Producto A,Sur,71,66
2024-06-15,Producto B,Sur,450,31
2024-06-16,Producto A,Oeste,203,81
2024-06-17,Producto A,Norte,344,99
2024-06-18,Producto B,Norte,212,27
2024-06-19,Producto B,Sur,401,40
2024-06-20,Producto B,Este,35,99
2024-06-21,Producto C,Sur,444,89
2024-06-22,Producto B,Norte,182,91
2024-06-23,Producto C,Oeste,309,44
2024-06-24,Producto A,Sur,142,31
2024-06-25,Producto C,Norte,335,34
2024-06-26,Producto B,Sur,419,78
2024-06-27,Producto A,Este,127,45
2024-06-28,Producto A,Sur,333,45
2024-06-29,Producto A,Sur,284,66
2024-06-30,Producto C,Norte,221,51
2024-07-01,Producto B,Norte,234,29
2024-07-02,Producto A,Norte,29,35
2024-07-03,Producto A,Sur,122,90
2024-07-04,Producto A,Este,149,36
2024-07-05,Producto C,Oeste,56,42
2024-07-06,Producto C,Oeste,10,45
2024-07-07,Producto B,Norte,99,26
2024-07-08,Producto C,Norte,151,33
2024-07-09,Producto A,Sur,329,98
2024-07-10,Producto B,Oeste,47,26
2024-07-11,Producto A,Norte,302,28
2024-07-12,Producto A,Este,391,67
2024-07-13,Producto C,Este,148,91
2024-07-14,Producto B,Norte,365,78
2024-07-15,Producto C,Norte,342,58
2024-07-16,Producto C,Oeste,268,37
2024-07-17,Producto B,Oeste,170,78
2024-07-18,Producto A,Sur,399,36
2024-07-19,Producto A,Oeste,187,33
2024-07-20,Producto B,Este,19,50
2024-07-21,Producto A,Este,270,43
2024-07-22,Producto B,Norte,416,79
2024-07-23,Producto B,Oeste,147,64
2024-07-24,Producto C,Sur,181,22
2024-07-25,Producto B,Este,395,56
2024-07-26,Producto C,Este,22,62
2024-07-27,Producto A,Sur,177,59
2024-07-28,Producto A,Sur,139,74
2024-07-29,Producto A,Este,93,58
2024-07-30,Producto A,Este,330,34
2024-07-31,Producto C,Sur,328,23
2024-08-01,Producto A,Este,110,44
2024-08-02,Producto B,Norte,338,32
2024-08-03,Producto B,Norte,282,52
2024-08-04,Producto B,Sur,274,35
2024-08-05,Producto C,Oeste,468,61
2024-08-06,Producto A,Sur,408,85
2024-08-07,Producto A,Sur,417,74
2024-08-08,Producto A,Oeste,47,61
2024-08-09,Producto C,Oeste,428,53
2024-08-10,Producto B,Oeste,103,49
2024-08-11,Producto B,Norte,104,32
2024-08-12,Producto A,Este,314,32
2024-08-13,Producto B,Norte,78,37
2024-08-14,Producto B,Este,327,51
2024-08-15,Producto C,Norte,453,58
2024-08-16,Producto C,Este,245,65
2024-08-17,Producto C,Norte,443,48
2024-08-18,Producto C,Oeste,343,81
2024-08-19,Producto A,Sur,382,81
2024-08-20,Producto C,Norte,385,76
2024-08-21,Producto B,Este,468,35
2024-08-22,Producto A,Oeste,146,75
2024-08-23,Producto B,Norte,427,29
2024-08-24,Producto B,Norte,85,49
2024-08-25,Producto B,Oeste,492,44
2024-08-26,Producto C,Norte,44,24
2024-08-27,Producto C,Sur,10,84
2024-08-28,Producto A,Norte,305,68
2024-08-29,Producto A,Sur,329,22
2024-08-30,Producto C,Sur,415,64
2024-08-31,Producto B,Oeste,69,33
2024-09-01,Producto A,Norte,329,49
2024-09-02,Producto C,Oeste,358,87
2024-09-03,Producto C,Norte,337,37
2024-09-04,Producto C,Norte,276,81
2024-09-05,Producto B,Este,370,56
2024-09-06,Producto C,Norte,238,44
2024-09-07,Producto C,Oeste,279,67
2024-09-08,Producto C,Sur,325,84
2024-09-09,Producto C,Norte,295,72
2024-09-10,Producto A,Este,300,98
2024-09-11,Producto A,Oeste,222,92
2024-09-12,Producto C,Norte,174,34
2024-09-13,Producto B,Oeste,14,68
2024-09-14,Producto A,Este,348,87
2024-09-15,Producto C,Este,388,31
2024-09-16,Producto A,Oeste,87,78
2024-09-17,Producto A,Norte,419,56
2024-09-18,Producto B,Sur,71,80
2024-09-19,Producto C,Este,141,62
2024-09-20,Producto C,Norte,98,89
2024-09-21,Producto B,Norte,246,58
2024-09-22,Producto B,Sur,51,75
2024-09-23,Producto C,Este,98,82
2024-09-24,Producto C,Este,411,65
2024-09-25,Producto B,Norte,305,30
2024-09-26,Producto A,Norte,337,81
2024-09-27,Producto A,Sur,304,96
2024-09-28,Producto B,Sur,113,44
2024-09-29,Producto A,Este,23,90
2024-09-30,Producto B,Oeste,297,71
2024-10-01,Producto A,Este,188,23
2024-10-02,Producto A,Norte,134,78
2024-10-03,Producto C,Este,431,91
2024-10-04,Producto C,Oeste,362,39
2024-10-05,Producto A,Sur,32,82
2024-10-06,Producto A,Oeste,72,73
2024-10-07,Producto C,Oeste,152,93
2024-10-08,Producto C,Oeste,490,76
2024-10-09,Producto C,Sur,162,60
2024-10-10,Producto B,Oeste,154,22
2024-10-11,Producto A,Oeste,234,25
2024-10-12,Producto C,Oeste,459,24
2024-10-13,Producto A,Norte,471,24
2024-10-14,Producto B,Oeste,318,73
2024-10-15,Producto B,Sur,113,66
2024-10-16,Producto C,Oeste,113,68
2024-10-17,Producto B,Oeste,444,28
2024-10-18,Producto A,Sur,48,39
2024-10-19,Producto C,Oeste,444,80
2024-10-20,Producto A,Sur,207,54
2024-10-21,Producto A,Oeste,143,69
2024-10-22,Producto B,Sur,76,81
2024-10-23,Producto B,Oeste,400,36
2024-10-24,Producto B,Oeste,188,22
2024-10-25,Producto B,Norte,465,51
2024-10-26,Producto B,Norte,51,32
2024-10-27,Producto C,Oeste,457,92
2024-10-28,Producto A,Oeste,24,87
2024-10-29,Producto A,Este,120,33
2024-10-30,Producto A,Sur,166,30
2024-10-31,Producto A,Este,298,75
2024-11-01,Producto B,Norte,487,86
2024-11-02,Producto A,Norte,240,48
2024-11-03,Producto C,Norte,420,28
2024-11-04,Producto C,Norte,429,86
2024-11-05,Producto A,Oeste,166,44
2024-11-06,Producto A,Norte,47,95
2024-11-07,Producto C,Oeste,450,61
2024-11-08,Producto C,Oeste,106,28
2024-11-09,Producto B,Norte,494,98
2024-11-10,Producto C,Norte,420,59
2024-11-11,Producto B,Sur,448,44
2024-11-12,Producto B,Este,298,24
2024-11-13,Producto B,Norte,263,30
2024-11-14,Producto B,Sur,205,78
2024-11-15,Producto B,Sur,95,98
2024-11-16,Producto A,Este,331,57
2024-11-17,Producto C,Oeste,19,91
2024-11-18,Producto B,Norte,14,24
2024-11-19,Producto C,Este,132,67
2024-11-20,Producto C,Norte,339,37
2024-11-21,Producto B,Sur,362,89
2024-11-22,Producto A,Sur,127,56
2024-11-23,Producto B,Oeste,303,79
2024-11-24,Producto A,Sur,406,67
2024-11-25,Producto C,Sur,168,96
2024-11-26,Producto A,Este,312,47
2024-11-27,Producto A,Norte,237,88
2024-11-28,Producto A,Norte,374,96
2024-11-29,Producto C,Este,225,59
2024-11-30,Producto C,Oeste,445,64
2024-12-01,Producto A,Norte,193,81
2024-12-02,Producto A,Sur,24,77
2024-12-03,Producto B,Norte,166,86
2024-12-04,Producto A,Sur,145,75
2024-12-05,Producto B,Oeste,270,59
2024-12-06,Producto A,Este,166,59
2024-12-07,Producto B,Norte,56,96
2024-12-08,Producto C,Este,333,52
2024-12-09,Producto A,Norte,341,25
2024-12-10,Producto A,Sur,182,38
2024-12-11,Producto A,Este,139,99
2024-12-12,Producto A,Norte,420,59
2024-12-13,Producto B,Sur,104,78
2024-12-14,Producto A,Este,124,78
2024-12-15,Producto C,Este,252,67
2024-12-16,Producto C,Norte,429,60
2024-12-17,Producto A,Norte,301,32
2024-12-18,Producto C,Norte,291,64
2024-12-19,Producto A,Sur,308,72
2024-12-20,Producto A,Norte,292,61
2024-12-21,Producto C,Este,78,82
2024-12-22,Producto A,Este,157,46
2024-12-23,Producto C,Norte,20,57
2024-12-24,Producto B,Norte,263,79
2024-12-25,Producto A,Oeste,339,26
2024-12-26,Producto B,Este,369,24
2024-12-27,Producto C,Sur,47,64
2024-12-28,Producto B,Oeste,143,77
2024-12-29,Producto B,Norte,209,50
2024-12-30,Producto C,Norte,32,42
2024-12-31,Producto B,Este,312,61
2025-01-01,Producto B,Norte,355,29
2025-01-02,Producto C,Sur,311,51
2025-01-03,Producto B,Este,372,72
2025-01-04,Producto C,Norte,405,49
2025-01-05,Producto B,Este,227,58
2025-01-06,Producto C,Norte,150,50
2025-01-07,Producto C,Norte,113,21
2025-01-08,Producto B,Norte,455,97
2025-01-09,Producto B,Sur,219,96
2025-01-10,Producto B,Sur,482,31
2025-01-11,Producto A,Este,490,58
2025-01-12,Producto A,Norte,120,85
2025-01-13,Producto A,Norte,113,32
2025-01-14,Producto C,Sur,325,65
2025-01-15,Producto B,Norte,180,46
2025-01-16,Producto C,Sur,469,36
2025-01-17,Producto A,Norte,365,79
2025-01-18,Producto B,Este,333,83
2025-01-19,Producto C,Norte,142,54
2025-01-20,Producto B,Norte,385,89
2025-01-21,Producto C,Oeste,302,49
2025-01-22,Producto B,Sur,337,90
2025-01-23,Producto A,Norte,136,93
2025-01-24,Producto A,Norte,115,82
2025-01-25,Producto B,Oeste,101,47
2025-01-26,Producto C,Oeste,296,79
2025-01-27,Producto A,Sur,387,98
2025-01-28,Producto A,Oeste,402,56
2025-01-29,Producto A,Este,60,41
2025-01-30,Producto B,Oeste,38,87
2025-01-31,Producto B,Este,471,39
2025-02-01,Producto C,Sur,305,87
2025-02-02,Producto C,Sur,306,83
2025-02-03,Producto C,Sur,223,36
2025-02-04,Producto B,Sur,276,31
2025-02-05,Producto B,Sur,416,41
2025-02-06,Producto C,Este,266,36
2025-02-07,Producto C,Este,311,29
2025-02-08,Producto B,Sur,110,84
2025-02-09,Producto C,Oeste,414,41
2025-02-10,Producto A,Norte,355,69
2025-02-11,Producto B,Sur,119,33
2025-02-12,Producto C,Oeste,429,83
2025-02-13,Producto B,Norte,191,66
2025-02-14,Producto A,Sur,480,48
2025-02-15,Producto B,Sur,322,95
2025-02-16,Producto B,Este,10,55
2025-02-17,Producto B,Norte,328,71
2025-02-18,Producto B,Norte,447,95
2025-02-19,Producto A,Oeste,64,26
2025-02-20,Producto B,Este,380,48
2025-02-21,Producto B,Este,433,30
2025-02-22,Producto C,Este,408,52
2025-02-23,Producto B,Este,158,25
2025-02-24,Producto C,Norte,440,98
2025-02-25,Producto A,Norte,466,51
2025-02-26,Producto A,Sur,318,70
2025-02-27,Producto A,Sur,146,94
2025-02-28,Producto A,Este,211,77
2025-03-01,Producto C,Este,445,45
2025-03-02,Producto B,Este,322,65
2025-03-03,Producto A,Sur,126,48
2025-03-04,Producto B,Oeste,163,23
2025-03-05,Producto C,Oeste,434,32
2025-03-06,Producto C,Sur,300,58
2025-03-07,Producto C,Sur,72,34
2025-03-08,Producto A,Sur,253,48
2025-03-09,Producto B,Sur,34,48
2025-03-10,Producto B,Sur,99,94
2025-03-11,Producto B,Sur,84,51
2025-03-12,Producto C,Este,303,21
2025-03-13,Producto A,Este,395,66
2025-03-14,Producto C,Este,400,97
2025-03-15,Producto C,Este,219,41
2025-03-16,Producto B,Sur,484,94
2025-03-17,Producto C,Oeste,427,46
2025-03-18,Producto B,Norte,356,86
2025-03-19,Producto A,Sur,26,75
2025-03-20,Producto B,Norte,137,40
2025-03-21,Producto A,Oeste,436,66
2025-03-22,Producto B,Este,452,99
2025-03-23,Producto C,Oeste,373,78
2025-03-24,Producto C,Sur,260,25
2025-03-25,Producto A,Este,188,38
2025-03-26,Producto A,Sur,191,76
2025-03-27,Producto A,Este,161,88
2025-03-28,Producto B,Norte,34,22
2025-03-29,Producto B,Norte,464,20
2025-03-30,Producto A,Norte,189,77
2025-03-31,Producto C,Oeste,207,57
2025-04-01,Producto B,Sur,353,34
2025-04-02,Producto B,Oeste,170,53
2025-04-03,Producto B,Norte,186,80
2025-04-04,Producto A,Sur,294,54
2025-04-05,Producto A,Norte,72,83
2025-04-06,Producto A,Oeste,159,44
2025-04-07,Producto A,Oeste,163,43
2025-04-08,Producto A,Oeste,165,31
2025-04-09,Producto C,Norte,379,37
2025-04-10,Producto C,Sur,478,34
2025-04-11,Producto A,Sur,58,99
2025-04-12,Producto B,Norte,464,46
2025-04-13,Producto A,Sur,346,91
2025-04-14,Producto C,Norte,93,79
2025-04-15,Producto C,Sur,370,65
2025-04-16,Producto B,Este,186,36
2025-04-17,Producto C,Este,157,72
2025-04-18,Producto A,Oeste,127,27
2025-04-19,Producto B,Este,351,98
2025-04-20,Producto A,Este,485,46
2025-04-21,Producto A,Este,72,65
2025-04-22,Producto B,Norte,198,69
2025-04-23,Producto A,Este,369,90
2025-04-24,Producto C,Este,58,22
2025-04-25,Producto A,Oeste,336,83
2025-04-26,Producto B,Este,266,63
2025-04-27,Producto B,Este,233,72
2025-04-28,Producto B,Sur,150,43
2025-04-29,Producto A,Oeste,487,79
2025-04-30,Producto B,Oeste,224,22
2025-05-01,Producto B,Oeste,444,39
2025-05-02,Producto A,Oeste,388,65
2025-05-03,Producto C,Oeste,449,34
2025-05-04,Producto A,Oeste,220,44
2025-05-05,Producto B,Norte,327,97
2025-05-06,Producto B,Este,41,90
2025-05-07,Producto A,Oeste,167,36
2025-05-08,Producto C,Este,294,28
2025-05-09,Producto B,Este,314,57
2025-05-10,Producto B,Norte,438,67
2025-05-11,Producto B,Oeste,486,79
2025-05-12,Producto A,Sur,295,82
2025-05-13,Producto B,Norte,153,21
2025-05-14,Producto C,Sur,433,91
